	methods
0	1.96
1	100-year flood
2	2SLS
3	68–95–99.7 rule
4	ABX test
5	ADMB
6	Analysis of covariance
7	ANOVA
8	ANOVA on ranks
9	ANOVA–simultaneous component analysis
10	ARGUS distribution
11	ASReml
12	posterior probability
13	A priori probability
14	Abductive reasoning
15	Absolute deviation
16	Absolute risk reduction
17	Absorbing Markov chain
18	Accelerated failure time model
19	Acceptable quality limit
20	Acceptance sampling
21	Accidental sampling
22	Accuracy and precision
23	Accuracy paradox
24	Acquiescence bias
25	Actuarial science
26	Adapted process
27	Adaptive estimator
28	Additive Markov chain
29	Additive model
30	Additive smoothing
31	Additive white Gaussian noise
32	Admissible decision rule
33	Age-standardized mortality rate
34	Age adjustment
35	Age stratification
36	Aggregate data
37	Aggregate pattern
38	Akaike information criterion
39	Algebra of random variables
40	Algebraic statistics
41	Algorithmic inference
42	Algorithms for calculating variance
43	Alignments of random points
44	All-pairs testing
45	Allan variance
46	Almost surely
47	Alpha beta filter
48	Alternative hypothesis
49	An Essay towards solving a Problem in the Doctrine of Chances
50	Analyse-it
51	Analysis of categorical data
52	Analysis of covariance
53	Analysis of molecular variance
54	Analysis of rhythmic variance
55	Analysis of variance
56	Analytic and enumerative statistical studies
57	Ancestral graph
58	Anchor test
59	Ancillary statistic
60	Anderson–Darling test
61	Anomaly detection
62	Anomaly time series
63	Anscombe's quartet
64	Anscombe transform
65	Antecedent variable
66	Antithetic variates
67	Approximate Bayesian computation
68	Approximate entropy
69	Arcsine distribution
70	Area chart
71	Area compatibility factor
72	Arithmetic mean
73	Armitage–Doll multistage model of carcinogenesis
74	Arrival theorem
75	Artificial neural network
76	Ascertainment bias
77	Association (statistics)
78	Association mapping
79	Association scheme
80	Assumed mean
81	Astrostatistics
82	Asymptotic distribution
83	Asymptotic equipartition property
84	Asymptotic normality
85	Asymptotic relative efficiency
86	Asymptotic theory (statistics)
87	Atkinson index
88	Attack rate
89	Augmented Dickey–Fuller test
90	Aumann's agreement theorem
91	Autocorrelation
92	Autocorrelation plot
93	Autocovariance
94	Autoregressive conditional duration
95	Autoregressive conditional heteroskedasticity
96	Autoregressive fractionally integrated moving average
97	Autoregressive integrated moving average
98	Autoregressive model
99	Autoregressive–moving-average model
100	Auxiliary particle filter
101	Average
102	Average treatment effect
103	Averaged one-dependence estimators
104	Azuma's inequality
105	BA model
106	BCMP network
107	BMDP
108	BV4.1 (software)
109	Backfitting algorithm
110	Balance equation
111	Balanced incomplete block design
112	Balanced repeated replication
113	Balding–Nichols model
114	Banburismus
115	Bangdiwala's B
116	Bapat–Beg theorem
117	Bar chart
118	Barabási–Albert model
119	Barber–Johnson diagram
120	Barnard's test
121	Barnardisation
122	Barnes interpolation
123	Bartlett's method
124	Bartlett's test
125	Bartlett's theorem
126	Base rate
127	Baseball statistics
128	Basu's theorem
129	Bates distribution
130	Baum–Welch algorithm
131	Bayes' rule
132	Bayes' theorem
133	Bayes classifier
134	Bayes error rate
135	Bayes estimator
136	Bayes factor
137	Bayes linear statistics
138	Bayesian (disambiguation)
139	Bayesian average
140	Bayesian brain
141	Bayesian econometrics
142	Bayesian experimental design
143	Bayesian game
144	Bayesian inference
145	Bayesian inference in marketing
146	Bayesian inference in phylogeny
147	Bayesian inference using Gibbs sampling
148	Bayesian information criterion
149	Bayesian linear regression
150	Bayesian multivariate linear regression
151	Bayesian network
152	Bayesian probability
153	Bayesian search theory
154	Bayesian spam filtering
155	Bayesian statistics
156	Bayesian tool for methylation analysis
157	Bayesian vector autoregression
158	Bean machine
159	Behrens–Fisher distribution
160	Behrens–Fisher problem
161	Belief propagation
162	Belt transect
163	Benford's law
164	Benini distribution
165	Bennett's inequality
166	Berkson's paradox
167	Berkson error model
168	Berlin procedure
169	Bernoulli distribution
170	Bernoulli process
171	Bernoulli sampling
172	Bernoulli scheme
173	Bernoulli trial
174	Bernstein inequalities (probability theory)
175	Bernstein–von Mises theorem
176	Berry–Esseen theorem
177	Bertrand's ballot theorem
178	Bertrand's box paradox
179	Bessel's correction
180	Bessel process
181	Best linear unbiased prediction
182	Beta-binomial distribution
183	Beta-binomial model
184	Beta (finance)
185	Beta distribution
186	Beta function
187	Beta negative binomial distribution
188	Beta prime distribution
189	Beta rectangular distribution
190	Beverton–Holt model
191	Bhatia–Davis inequality
192	Bhattacharya coefficient
193	Bhattacharyya distance
194	Bias (statistics)
195	Bias of an estimator
196	Biased random walk (biochemistry)
197	Biclustering
198	Big O in probability notation
199	Bills of Mortality
200	Bimodal distribution
201	Binary classification
202	Bingham distribution
203	Binomial distribution
204	Binomial proportion confidence interval
205	Binomial regression
206	Binomial test
207	Bioinformatics
208	Biometrics (statistics)
209	Biostatistics
210	Biplot
211	Birnbaum–Saunders distribution
212	Birth–death process
213	Bispectrum
214	Bivariate analysis
215	Bivariate von Mises distribution
216	Black–Scholes
217	Bland–Altman plot
218	Blind deconvolution
219	Blind experiment
220	Block design
221	Blocking (statistics)
222	Bochner's theorem
223	Bonferroni correction
224	Bonferroni inequalities
225	Boole's inequality
226	Boolean analysis
227	Bootstrap aggregating
228	Bootstrap error-adjusted single-sample technique
229	Bootstrapping (statistics)
230	Bootstrapping populations
231	Borel–Cantelli lemma
232	Bose–Mesner algebra
233	Box plot
234	Box–Behnken design
235	Box–Cox distribution
236	Box–Cox transformation
237	Box–Jenkins
238	Box–Muller transform
239	Box–Pierce test
240	Branching process
241	Bregman divergence
242	Breusch–Godfrey test
243	Breusch–Pagan statistic
244	Breusch–Pagan test
245	Brownian bridge
246	Brownian excursion
247	Brownian motion
248	Brownian tree
249	Brown–Forsythe test
250	Bruck–Ryser–Chowla theorem
251	Burke's theorem
252	Burr distribution
253	Business statistics
254	Buzen's algorithm
255	Bühlmann model
256	C-chart
257	CDF-based nonparametric confidence interval
258	CHAID
259	CMA-ES
260	CURE data clustering algorithm
261	CUSUM
262	Calculating demand forecast accuracy
263	Calculus of predispositions
264	Calibrated probability assessment
265	Calibration (probability)
266	Calibration (statistics)
267	Cancer cluster
268	Candlestick chart
269	Canonical analysis
270	Canonical correlation
271	Canopy clustering algorithm
272	Cantor distribution
273	Carpet plot
274	Cartogram
275	Cartography
276	Case-control
277	Case-control study
278	Catastro of Ensenada
279	Categorical data
280	Categorical distribution
281	Categorical variable
282	Cauchy distribution
283	Cauchy–Schwarz inequality
284	Causal Markov condition
285	Ceiling effect (statistics)
286	Cellular noise
287	Censored regression model
288	Censoring (clinical trials)
289	Censoring (statistics)
290	Census
291	Centering matrix
292	Centerpoint (geometry)
293	Central composite design
294	Central limit theorem
295	Central limit theorem (illustration)
296	Central limit theorem for directional statistics
297	Central moment
298	Central tendency
299	Cepstrum
300	Chain rule for Kolmogorov complexity
301	Challenge–dechallenge–rechallenge
302	Champernowne distribution
303	Change detection
304	Change detection (GIS)
305	Chapman–Kolmogorov equation
306	Chapman–Robbins bound
307	Characteristic function (probability theory)
308	Chauvenet's criterion
309	Chebyshev's inequality
310	Chebyshev center
311	Checking if a coin is biased
312	Checking whether a coin is fair
313	Cheeger bound
314	Chemometrics
315	Chernoff's distribution
316	Chernoff's inequality
317	Chernoff bound
318	Chernoff face
319	Chi-squared distribution
320	Chi-squared test
321	Chi distribution
322	Chinese restaurant process
323	Choropleth map
324	Chou's invariance theorem
325	Chow test
326	Chronux
327	Circular analysis
328	Circular distribution
329	Circular error probable
330	Circular statistics
331	Circular uniform distribution
332	Clark–Ocone theorem
333	Class membership probabilities
334	Classic data sets
335	Classical definition of probability
336	Classical test theory
337	Classification rule
338	Classifier (mathematics)
339	Climate ensemble
340	Climograph
341	Clinical significance
342	Clinical study design
343	Clinical trial
344	Clinical utility of diagnostic tests
345	Cliodynamics
346	Closed testing procedure
347	Cluster-weighted modeling
348	Cluster analysis
349	Cluster randomised controlled trial
350	Cluster sampling
351	Clustering high-dimensional data
352	Coalescent theory
353	Cochran's C test
354	Cochran's Q test
355	Cochran's theorem
356	Cochrane–Orcutt estimation
357	Cochran–Armitage test for trend
358	Cochran–Mantel–Haenszel statistics
359	Coding (social sciences)
360	Coefficient of coherence
361	Coefficient of determination
362	Coefficient of dispersion
363	Coefficient of variation
364	Cognitive pretesting
365	Cohen's class distribution function
366	Cohen's kappa
367	Coherence (signal processing)
368	Coherence (statistics)
369	Cohort (statistics)
370	Cohort effect
371	Cohort study
372	Cointegration
373	Collectively exhaustive events
374	Collider (epidemiology)
375	Combinatorial data analysis
376	Combinatorial design
377	Combinatorial meta-analysis
378	Common-method variance
379	Common cause and special cause (statistics)
380	Common mode failure
381	Comonotonicity
382	Comparing means
383	Comparison of general and generalized linear models
384	Comparison of statistical packages
385	Comparisonwise error rate
386	Complementary event
387	Complete-linkage clustering
388	Complete spatial randomness
389	Completely randomized design
390	Completeness (statistics)
391	Composite bar chart
392	Compositional data
393	Compound Poisson distribution
394	Compound Poisson process
395	Compound probability distribution
396	Computational formula for the variance
397	Computational learning theory
398	Computational statistics
399	Computer-assisted survey information collection
400	Computer experiment
401	Concomitant (statistics)
402	Concordance correlation coefficient
403	Concordant pair
404	Concrete illustration of the central limit theorem
405	Concurrent validity
406	Conditional change model
407	Conditional dependence
408	Conditional expectation
409	Conditional independence
410	Conditional probability
411	Conditional probability distribution
412	Conditional random field
413	Conditional variance
414	Conditionality principle
415	Confidence and prediction bands
416	Confidence band
417	Confidence distribution
418	Confidence interval
419	Confidence region
420	Configural frequency analysis
421	Confirmation bias
422	Confirmatory factor analysis
423	Confounding
424	Confounding factor
425	Confusion of the inverse
426	Congruence coefficient
427	Conjoint analysis
428	Conjoint analysis (in healthcare)
429	Conjoint analysis (in marketing)
430	Conjugate prior
431	Consensus-based assessment
432	Consensus clustering
433	Consensus forecast
434	Conservatism (belief revision)
435	Consistency (statistics)
436	Consistent estimator
437	Constant elasticity of substitution
438	Constant false alarm rate
439	Constraint (information theory)
440	Consumption distribution
441	Contact process (mathematics)
442	Content validity
443	Contiguity (probability theory)
444	Contingency table
445	Continuity correction
446	Continuous-time Markov process
447	Continuous-time stochastic process
448	Continuous mapping theorem
449	Continuous probability distribution
450	Continuous stochastic process
451	Contrast (statistics)
452	Control chart
453	Control event rate
454	Control limits
455	Control variate
456	Controlling for a variable
457	Convergence of measures
458	Convergence of random variables
459	Convex hull
460	Convolution of probability distributions
461	Convolution random number generator
462	Conway–Maxwell–Poisson distribution
463	Cook's distance
464	Cophenetic correlation
465	Copula (probability theory)
466	Copula (statistics)
467	Cornish–Fisher expansion
468	Correct sampling
469	Correction for attenuation
470	Correlate summation analysis
471	Correlation
472	Correlation and dependence
473	Correlation clustering
474	Correlation does not imply causation
475	Correlation function
476	Correlation function (astronomy)
477	Correlation function (quantum field theory)
478	Correlation function (statistical mechanics)
479	Correlation implies causation
480	Correlation inequality
481	Correlation ratio
482	Correlogram
483	Correspondence analysis
484	Cosmic variance
485	Cost-of-living index
486	Count data
487	Counternull
488	Counting process
489	Covariance
490	Covariance and correlation
491	Covariance function
492	Covariance intersection
493	Covariance matrix
494	Covariate
495	Cover's theorem
496	Coverage probability
497	Cox's theorem
498	Cox process
499	Cox–Ingersoll–Ross model
500	Cramér's V
501	Cramér's theorem
502	Cramér–Rao bound
503	Cramér–von Mises criterion
504	Craps principle
505	Credal set
506	Credible interval
507	Cricket statistics
508	Crime statistics
509	Critical region
510	Cromwell's rule
511	Cronbach's alpha
512	Cross-correlation
513	Cross-covariance
514	Cross-entropy method
515	Cross-sectional data
516	Cross-sectional regression
517	Cross-sectional study
518	Cross-spectrum
519	Cross-validation (statistics)
520	Cross tabulation
521	Crossover study
522	Crystal Ball function
523	Cumulant
524	Cumulant generating function
525	Cumulative distribution function
526	Cumulative frequency analysis
527	Cumulative incidence
528	Cunningham function
529	Curve fitting
530	Cuzick–Edwards test
531	Cyclostationary process
532	Càdlàg
533	D'Agostino's K-squared test
534	D-separation
535	D/M/1 queue
536	DAP (software)
537	DFFITS
538	Dagum distribution
539	Data-snooping bias
540	DataDetective
541	Data Desk
542	Data analysis
543	Data assimilation
544	Data binning
545	Data classification (business intelligence)
546	Data cleansing
547	Data clustering
548	Data collection
549	Data dredging
550	Data fusion
551	data collection
552	Data mining
553	Data point
554	Data quality assurance
555	Data reduction
556	Data set
557	Data stream clustering
558	Data transformation (statistics)
559	Data visualization
560	Dataplot
561	Davies–Bouldin index
562	Davis distribution
563	De Finetti's game
564	De Finetti's theorem
565	De Moivre's law
566	De Moivre–Laplace theorem
567	Decision boundary
568	Decision theory
569	Decomposition of time series
570	Deep sampling
571	Degenerate distribution
572	Degrees of freedom (statistics)
573	Delaporte distribution
574	Delphi method
575	Delta method
576	Demand forecasting
577	Deming regression
578	Demographic statistics
579	Demographics
580	Demography
581	Dendrogram
582	Density estimation
583	Dependent and independent variables
584	Descriptive research
585	Descriptive statistics
586	Design effect
587	Design matrix
588	Design of experiments
589	Design of quasi-experiments
590	Detailed balance
591	Detection theory
592	Determining the number of clusters in a data set
593	Detrended correspondence analysis
594	Detrended fluctuation analysis
595	Deviance (statistics)
596	Deviance information criterion
597	Deviation (statistics)
598	absolute difference
599	Diagnostic odds ratio
600	Dickey–Fuller test
601	Difference in differences
602	Differential entropy
603	Diffusion-limited aggregation
604	Diffusion process
605	Dilution assay
606	Dimension reduction
607	Direct relationship
608	Directional statistics
609	Dirichlet-multinomial distribution
610	Dirichlet distribution
611	Dirichlet process
612	Disattenuation
613	Discrepancy function
614	Discrete choice
615	Discrete choice analysis
616	Discrete distribution
617	Discrete frequency domain
618	Discrete phase-type distribution
619	Discrete probability distribution
620	Discrete time
621	Discretization of continuous features
622	Discriminant function analysis
623	Discriminative model
624	Disorder problem
625	Distance correlation
626	Distance sampling
627	Distributed lag
628	Distribution fitting
629	Divergence (statistics)
630	Diversity index
631	Divisia index
632	Divisia monetary aggregates index
633	Dixon's Q test
634	Dominating decision rule
635	Donsker's theorem
636	Doob's martingale convergence theorems
637	Doob's martingale inequality
638	Doob decomposition theorem
639	Doob martingale
640	Doob–Meyer decomposition theorem
641	Doomsday argument
642	Dot plot (bioinformatics)
643	Dot plot (statistics)
644	Double counting (fallacy)
645	Laplace distribution
646	Double mass analysis
647	Doubly stochastic model
648	Drift rate
649	Dudley's theorem
650	Dummy variable (statistics)
651	Duncan's new multiple range test
652	Dunn index
653	Dunnett's test
654	Durbin test
655	Durbin–Watson statistic
656	Dutch book
657	Dvoretzky–Kiefer–Wolfowitz inequality
658	Dyadic distribution
659	Dynamic Bayesian network
660	Dynamic factor
661	Dynamic topic model
662	E-statistic
663	EMG distribution
664	EWMA chart
665	Earth mover's distance
666	Eaton's inequality
667	Ecological correlation
668	Ecological fallacy
669	Ecological regression
670	Ecological study
671	Econometric model
672	Econometric software
673	Econometrics
674	Economic data
675	Economic epidemiology
676	Economic statistics
677	Eddy covariance
678	Edgeworth series
679	Effect size
680	Efficiency (statistics)
681	Efficient estimator
682	Ehrenfest model
683	Eigenpoll
684	Elastic map
685	Elliptical distribution
686	Ellsberg paradox
687	Elston–Stewart algorithm
688	Empirical
689	Empirical Bayes method
690	Empirical distribution function
691	Empirical likelihood
692	Empirical measure
693	Empirical orthogonal functions
694	Empirical probability
695	Empirical process
696	Empirical statistical laws
697	Encyclopedia of Statistical Sciences
698	End point of clinical trials
699	Endogeneity (economics)
700	Energy distance
701	Energy statistics
702	Engineering statistics
703	Engineering tolerance
704	Engset calculation
705	Ensemble Kalman filter
706	Ensemble forecasting
707	Entropy (information theory)
708	Entropy estimation
709	Entropy power inequality
710	Environmental statistics
711	Epi Info
712	Epidata
713	Epidemic model
714	Epidemiological methods
715	Epidemiology
716	Epilogism
717	Epitome (image processing)
718	Epps effect
719	Equating
720	Equipossible
721	Equiprobable
722	Erdős–Rényi model
723	Ergodic theory
724	Ergodicity
725	Erlang distribution
726	Error bar
727	Error correction model
728	Error function
729	Errors-in-variables models
730	Errors and residuals in statistics
731	Estimating equations
732	Estimation of covariance matrices
733	Estimation of signal parameters via rotational invariance techniques
734	Estimation theory
735	Estimator
736	Etemadi's inequality
737	Ethical problems using children in clinical trials
738	Event (probability theory)
739	Event study
740	Evidence under Bayes theorem
741	Evolutionary data mining
742	Ewens's sampling formula
743	Exact statistics
744	Exact test
745	Examples of Markov chains
746	Excess risk
747	Exchange paradox
748	Exchangeable random variables
749	Expander walk sampling
750	Expectation propagation
751	Expectation–maximization algorithm
752	Expected utility hypothesis
753	Expected value
754	Expected value of sample information
755	Experiment
756	Experimental design diagram
757	Experimental event rate
758	Experimental uncertainty analysis
759	Experimenter's bias
760	Experimentwise error rate
761	Explained sum of squares
762	Explained variation
763	Explanatory variable
764	Exploratory data analysis
765	Exploratory factor analysis
766	Exponential-logarithmic distribution
767	Exponential dispersion model
768	Exponential distribution
769	Exponential family
770	Exponential power distribution
771	Exponential random numbers
772	Exponential smoothing
773	Exponentially modified Gaussian distribution
774	Exponentiated Weibull distribution
775	Exposure variable
776	Extended Kalman filter
777	Extended negative binomial distribution
778	Extensions of Fisher's method
779	External validity
780	Extrapolation domain analysis
781	Extreme value theory
782	Extremum estimator
783	F-distribution
784	F-divergence
785	F-statistics
786	F-test
787	F-test of equality of variances
788	F1 score
789	FLAME clustering
790	FNN algorithm
791	FWL theorem
792	Factor analysis
793	Factor graph
794	Factor regression model
795	Factorial code
796	Factorial experiment
797	Factorial moment
798	Factorial moment generating function
799	Failure rate
800	Fair coin
801	Falconer's formula
802	False discovery rate
803	False positive paradox
804	False positive rate
805	Familywise error rate
806	Fan chart (statistics)
807	Fan chart (time series)
808	Fano factor
809	FastICA
810	Fast Fourier transform
811	Fast Kalman filter
812	Fat-tailed distribution
813	Feasible generalized least squares
814	Feature extraction
815	Feller's coin-tossing constants
816	Feller-continuous process
817	Feller process
818	Felsenstein's tree-pruning algorithm
819	Fides (reliability)
820	Fiducial inference
821	Field experiment
822	Fieller's theorem
823	File drawer problem
824	Filtering problem (stochastic processes)
825	Financial econometrics
826	Financial models with long-tailed distributions and volatility clustering
827	Finite-dimensional distribution
828	First-hitting-time model
829	First-in-man study
830	Fishburn–Shepp inequality
831	Fisher's exact test
832	Fisher's inequality
833	Fisher's linear discriminator
834	Fisher's method
835	Fisher's noncentral hypergeometric distribution
836	Fisher's z-distribution
837	Fisher consistency
838	Fisher information
839	Fisher information metric
840	Fisher kernel
841	Fisher transformation
842	Fisher–Tippett distribution
843	Fisher–Tippett–Gnedenko theorem
844	Five-number summary
845	Fixed effects estimation
846	Fixed effects estimator
847	Fixed effects model
848	Fleiss' kappa
849	Fleming–Viot process
850	Flood risk assessment
851	Floor effect
852	Focused information criterion
853	Fokker–Planck equation
854	Folded normal distribution
855	Forecast bias
856	Forecast error
857	Forecast skill
858	Forecasting
859	Forest plot
860	Fork-join queue
861	Formation matrix
862	Forward measure
863	Foster's theorem
864	Foundations of statistics
865	Founders of statistics
866	Fourier analysis
867	Fowlkes–Mallows index
868	Fraction of variance unexplained
869	Fractional Brownian motion
870	Fractional factorial design
871	Free statistical software
872	Freedman's paradox
873	Freedman–Diaconis rule
874	Freidlin–Wentzell theorem
875	Frequency (statistics)
876	Frequency distribution
877	Frequency domain
878	Frequency probability
879	Frequentist inference
880	Friedman test
881	Friendship paradox
882	Frisch–Waugh–Lovell theorem
883	Fréchet distribution
884	Fréchet mean
885	Fully crossed design
886	Function approximation
887	Functional boxplot
888	Functional data analysis
889	Funnel plot
890	Fuzzy logic
891	Fuzzy measure theory
892	G-network
893	G-test
894	G/G/1 queue
895	GAUSS (software)
896	GEH statistic
897	GLIM (software)
898	GLUE (uncertainty assessment)
899	Galbraith plot
900	Gallagher Index
901	Galton's problem
902	Galton–Watson process
903	Gambler's fallacy
904	Gambler's ruin
905	Gambling and information theory
906	Game of chance
907	Gamma distribution
908	Gamma process
909	Gamma test (statistics)
910	Gamma variate
911	Gauss's inequality
912	Gaussian function
913	Gaussian isoperimetric inequality
914	Gaussian measure
915	Gaussian noise
916	Gaussian process
917	Gaussian process emulator
918	Gaussian q-distribution
919	Gauss–Kuzmin distribution
920	Gauss–Markov process
921	Gauss–Markov theorem
922	Gauss–Newton algorithm
923	Geary's C
924	GenStat
925	General linear model
926	General matrix notation of a VAR(p)
927	Generalised hyperbolic distribution
928	Generalizability theory
929	Generalized Dirichlet distribution
930	Generalized Gaussian distribution
931	Generalized Pareto distribution
932	Generalized Procrustes analysis
933	Generalized Tobit
934	Generalized Wiener process
935	Generalized additive model
936	Generalized additive model for location, scale and shape
937	Generalized beta distribution
938	Generalized canonical correlation
939	Generalized chi-squared distribution
940	Generalized entropy index
941	Generalized estimating equation
942	Generalized expected utility
943	Generalized extreme value distribution
944	Generalized gamma distribution
945	Generalized inverse Gaussian distribution
946	Generalized least squares
947	Generalized linear array model
948	Generalized linear mixed model
949	Generalized linear model
950	Generalized logistic distribution
951	Generalized method of moments
952	Generalized multidimensional scaling
953	Generalized multivariate log-gamma distribution
954	Generalized normal distribution
955	Generalized p-value
956	Generalized randomized block design
957	Generative model
958	Genetic epidemiology
959	Geo-imputation
960	Geodemographic segmentation
961	Geographic information system
962	Geometric Brownian motion
963	Geometric data analysis
964	Geometric distribution
965	Geometric mean
966	Geometric median
967	Geometric stable distribution
968	Geometric standard deviation
969	Geospatial predictive modeling
970	Geostatistics
971	German tank problem
972	Gerschenkron effect
973	Gibbs sampling
974	Gillespie algorithm
975	Gini coefficient
976	Girsanov theorem
977	Gittins index
978	Glivenko–Cantelli theorem
979	Glossary of experimental design
980	Glossary of probability and statistics
981	Goldfeld–Quandt test
982	Gompertz distribution
983	Gompertz function
984	Gompertz–Makeham law of mortality
985	Goodhart's law
986	Goodman and Kruskal's gamma
987	Goodman and Kruskal's lambda
988	Goodness of fit
989	Good–Turing frequency estimation
990	Gordon–Newell network
991	Gordon–Newell theorem
992	Graeco-Latin square
993	Grand mean
994	Granger causality
995	GraphPad InStat
996	GraphPad Prism
997	Graph cuts in computer vision
998	Graphical model
999	Graphical models for protein structure
1000	Gravity model of trade
1001	Greenwood statistic
1002	Gretl
1003	Group family
1004	Group method of data handling
1005	Group size measures
1006	Grouped data
1007	Grubbs' test for outliers
1008	Guess value
1009	Guesstimate
1010	Gumbel distribution
1011	Guttman scale
1012	Gy's sampling theory
1013	H-index
1014	Half-logistic distribution
1015	Half-normal distribution
1016	Half circle distribution
1017	Halton sequence
1018	Hamburger moment problem
1019	Hammersley–Clifford theorem
1020	Hannan–Quinn information criterion
1021	Hardy–Weinberg principle
1022	Harmonic mean
1023	Harris chain
1024	Hartley's test
1025	Hat matrix
1026	Hausdorff moment problem
1027	Hausman specification test
1028	Hausman test
1029	Haybittle–Peto boundary
1030	Hazard function
1031	Hazard ratio
1032	Health care analytics
1033	Heaps' law
1034	Heart rate variability
1035	Heavy-tailed distribution
1036	Heckman correction
1037	Hedonic regression
1038	Hellin's law
1039	Hellinger distance
1040	Helmert–Wolf blocking
1041	Herdan's law
1042	Herfindahl index
1043	Heston model
1044	Heteroscedasticity
1045	Heteroscedasticity-consistent standard errors
1046	Hidden Markov model
1047	Hidden Markov random field
1048	Hidden semi-Markov model
1049	Hierarchical Bayes model
1050	Hierarchical clustering
1051	Hierarchical hidden Markov model
1052	Hierarchical linear modeling
1053	High-dimensional statistics
1054	Higher-order factor analysis
1055	Higher-order statistics
1056	Hirschman uncertainty
1057	Histogram
1058	Historiometry
1059	History of randomness
1060	History of statistics
1061	Hitting time
1062	Hodges' estimator
1063	Hodges–Lehmann estimator
1064	Hoeffding's independence test
1065	Hoeffding's inequality
1066	Hoeffding's lemma
1067	Holm–Bonferroni method
1068	Holtsmark distribution
1069	Homogeneity (statistics)
1070	Homogenization (climate)
1071	Homoscedasticity
1072	Hoover index
1073	Horvitz–Thompson estimator
1074	Hosmer–Lemeshow test
1075	Hotelling's T-squared distribution
1076	How to Lie with Statistics
1077	Howland will forgery trial
1078	Hubbert curve
1079	Huber loss function
1080	Human subject research
1081	Hurst exponent
1082	Hyper-Graeco-Latin square design
1083	Hyper-exponential distribution
1084	Hyperbolic distribution
1085	Hyperbolic secant distribution
1086	Hypergeometric distribution
1087	Hyperparameter
1088	Hyperprior
1089	Hypoexponential distribution
1090	Hájek–Le Cam convolution theorem
1091	Idealised population
1092	Idempotent matrix
1093	Identifiability
1094	Ignorability
1095	Illustration of the central limit theorem
1096	Image denoising
1097	Importance sampling
1098	Imprecise probability
1099	Impulse response
1100	Imputation (statistics)
1101	Incidence (epidemiology)
1102	Inclusion probability
1103	Increasing process
1104	Indecomposable distribution
1105	Independence of irrelevant alternatives
1106	Independent and identically distributed random variables
1107	Independent component analysis
1108	Index (economics)
1109	Index number
1110	Index of coincidence
1111	Index of dispersion
1112	Indicators of spatial association
1113	Indirect least squares
1114	Inductive inference
1115	Inference
1116	Inferential statistics
1117	Infinite divisibility (probability)
1118	Infinite monkey theorem
1119	Influence diagram
1120	Info-gap decision theory
1121	Information bottleneck method
1122	Information gain ratio
1123	Information geometry
1124	Information ratio
1125	Information source (mathematics)
1126	Information theory
1127	Inherent bias
1128	Inherent zero
1129	Injury prevention
1130	Innovation (signal processing)
1131	Innovations vector
1132	Institutional review board
1133	Instrumental variable
1134	Intention to treat analysis
1135	Inter-rater reliability
1136	Interaction (statistics)
1137	Interclass correlation
1138	Interdecile range
1139	Interim analysis
1140	Internal consistency
1141	Internal validity
1142	International Statistical Institute
1143	Interquartile mean
1144	Interquartile range
1145	Interval estimation
1146	Intervening variable
1147	Intra-rater reliability
1148	Intraclass correlation
1149	Invariant estimator
1150	Invariant extended Kalman filter
1151	Inverse-Wishart distribution
1152	Inverse-chi-squared distribution
1153	Inverse-gamma distribution
1154	Inverse-variance weighting
1155	Inverse Gaussian distribution
1156	Inverse Mills ratio
1157	Inverse distance weighting
1158	Inverse distribution
1159	Inverse matrix gamma distribution
1160	Inverse probability
1161	Inverse probability weighting
1162	Inverse relationship
1163	Inverse transform sampling
1164	Iris flower data set
1165	Irwin–Hall distribution
1166	Isomap
1167	Isotonic regression
1168	Isserlis' theorem
1169	Item-total correlation
1170	Item response theory
1171	Item tree analysis
1172	Iterative proportional fitting
1173	Iteratively reweighted least squares
1174	Itō's lemma
1175	Itō calculus
1176	Itō isometry
1177	JMP (statistical software)
1178	JMulTi
1179	Jaccard index
1180	Jackknife (statistics)
1181	Jackson's theorem (queueing theory)
1182	Jackson network
1183	Jadad scale
1184	James–Stein estimator
1185	Jarque–Bera test
1186	Jeffreys prior
1187	Jensen's inequality
1188	Jensen–Shannon divergence
1189	Johansen test
1190	Johnson SU distribution
1191	Joint probability distribution
1192	Jonckheere's trend test
1193	Jump-diffusion model
1194	Jump process
1195	Junction tree algorithm
1196	K-distribution
1197	K-means++
1198	K-means algorithm
1199	K-means clustering
1200	K-medians clustering
1201	K-medoids
1202	K-statistic
1203	KPSS test
1204	Kalman filter
1205	Kaplan–Meier estimator
1206	Kappa coefficient
1207	Kappa statistic
1208	Karhunen–Loève theorem
1209	Kendall's W
1210	Kendall's notation
1211	Kendall tau distance
1212	Kendall tau rank correlation coefficient
1213	Kent distribution
1214	Kernel (statistics)
1215	Kernel Fisher discriminant analysis
1216	Kernel density estimation
1217	Kernel methods
1218	Kernel principal component analysis
1219	Kernel regression
1220	Kernel smoother
1221	Khintchine inequality
1222	Khmaladze transformation
1223	Killed process
1224	Kingman's formula
1225	Kirkwood approximation
1226	Kish grid
1227	Kitchen sink regression
1228	Klecka's tau
1229	Knightian uncertainty
1230	Kolmogorov's criterion
1231	Kolmogorov's generalized criterion
1232	Kolmogorov's inequality
1233	Kolmogorov's zero–one law
1234	Kolmogorov backward equation
1235	Kolmogorov continuity theorem
1236	Kolmogorov extension theorem
1237	Kolmogorov–Smirnov test
1238	Kriging
1239	Kruskal–Wallis one-way analysis of variance
1240	Kuder–Richardson Formula 20
1241	Kuiper's test
1242	Kullback's inequality
1243	Kullback–Leibler divergence
1244	Kumaraswamy distribution
1245	Kurtosis
1246	Kushner equation
1247	L-estimator
1248	L-moment
1249	LISREL
1250	Laboratory quality control
1251	Labour Force Survey
1252	Lack-of-fit sum of squares
1253	Lady tasting tea
1254	Lag operator
1255	Lag windowing
1256	Tukey's lambda distribution
1257	Landau distribution
1258	Lander–Green algorithm
1259	Language model
1260	Laplace distribution
1261	Laplace principle (large deviations theory)
1262	LaplacesDemon
1263	Large deviations of Gaussian random functions
1264	Large deviations theory
1265	Latent Dirichlet allocation
1266	Latent class model
1267	Latent growth modeling
1268	Latent semantic analysis
1269	Latent variable
1270	Latent variable model
1271	Latin hypercube sampling
1272	Latin rectangle
1273	Latin square
1274	Law (stochastic processes)
1275	Law of averages
1276	Law of comparative judgment
1277	Law of large numbers
1278	Law of the iterated logarithm
1279	Law of the unconscious statistician
1280	Law of total covariance
1281	Law of total cumulance
1282	Law of total expectation
1283	Law of total probability
1284	Law of total variance
1285	Law of truly large numbers
1286	Layered hidden Markov model
1287	Le Cam's theorem
1288	Lead time bias
1289	Learning theory (statistics)
1290	Least-angle regression
1291	Least-squares spectral analysis
1292	Least absolute deviations
1293	Least squares
1294	Least squares support vector machine
1295	Least trimmed squares
1296	Leftover hash-lemma
1297	Lehmann–Scheffé theorem
1298	Length time bias
1299	Level of analysis
1300	Level of measurement
1301	Levenberg–Marquardt algorithm
1302	Levene's test
1303	Leverage (statistics)
1304	Levey–Jennings chart
1305	Lewontin's Fallacy
1306	Lexis diagram
1307	Lexis ratio
1308	Lies, damned lies, and statistics
1309	Life expectancy
1310	Life table
1311	Lift (data mining)
1312	Likelihood-ratio test
1313	Likelihood function
1314	Likelihood principle
1315	Likelihood ratios in diagnostic testing
1316	Likert scale
1317	Lilliefors test
1318	Limited dependent variable
1319	Limiting density of discrete points
1320	Lincoln index
1321	Lindeberg's condition
1322	Lindley's paradox
1323	Lindley equation
1324	Line-intercept sampling
1325	Line chart
1326	Linear classifier
1327	Linear discriminant analysis
1328	Linear least squares (mathematics)
1329	Linear least squares (mathematics)
1330	Linear model
1331	Linear prediction
1332	Linear probability model
1333	Linear regression
1334	Linguistic demography
1335	Linnik distribution
1336	List of basic statistics topics
1337	List of convolutions of probability distributions
1338	List of fields of application of statistics
1339	List of graphical methods
1340	List of important publications in statistics
1341	List of information graphics software
1342	List of national and international statistical services
1343	List of probability distributions
1344	List of probability topics
1345	List of random number generators
1346	List of scientific journals in statistics
1347	List of statistical packages
1348	List of statisticians
1349	List of statistics journals
1350	List of stochastic processes topics
1351	List of timelines
1352	Lists of countries and territories
1353	Lists of country-related topics
1354	Lists of people
1355	Lists of statistics topics
1356	Listwise deletion
1357	Little's law
1358	Littlewood's law
1359	Ljung–Box test
1360	Local asymptotic normality
1361	Local convex hull
1362	Local independence
1363	Local martingale
1364	Local regression
1365	Locality (statistics)
1366	Location-scale family
1367	Location estimation
1368	Location estimation in sensor networks
1369	Location parameter
1370	Location test
1371	Location testing for Gaussian scale mixture distributions
1372	Loess curve
1373	Log-Cauchy distribution
1374	Log-Laplace distribution
1375	Log-linear analysis
1376	Log-linear model
1377	Log-linear modeling
1378	Log-log plot
1379	Log-logistic distribution
1380	Log-normal distribution
1381	Log-rank test
1382	Logarithmic distribution
1383	Logarithmic mean
1384	Logistic distribution
1385	Logistic function
1386	Logistic regression
1387	Logit
1388	Logit-normal distribution
1389	Logit analysis in marketing
1390	Logrank test
1391	Lomax distribution
1392	Long-range dependency
1393	Long-tail traffic
1394	Long Tail
1395	Longitudinal study
1396	Longstaff–Schwartz model
1397	Lorenz curve
1398	Loss function
1399	Lot quality assurance sampling
1400	Lotka's law
1401	Low birth weight paradox
1402	Luby transform code
1403	Lucia de Berk
1404	Lukacs's proportion-sum independence theorem
1405	Lumpability
1406	Lusser's law
1407	Lyapunov's central limit theorem
1408	Lévy's continuity theorem
1409	Lévy's convergence theorem
1410	Lévy arcsine law
1411	Lévy distribution
1412	Lévy flight
1413	Lévy process
1414	M-estimator
1415	M-separation
1416	M/D/1 queue
1417	M/G/1 queue
1418	M/M/1 queue
1419	M/M/c queue
1420	Multivariate analysis of covariance
1421	MANOVA
1422	MAP estimator
1423	MCAR
1424	MINQUE
1425	MLwiN
1426	Mabinogion sheep problem
1427	Machine learning
1428	Mahalanobis distance
1429	Main effect
1430	Mallows's Cp
1431	Manhattan plot
1432	Mann–Whitney U
1433	Mann–Whitney U test
1434	Mantel test
1435	Marchenko–Pastur distribution
1436	Marcinkiewicz–Zygmund inequality
1437	Marcum Q-function
1438	Margin of error
1439	Marginal conditional stochastic dominance
1440	Marginal distribution
1441	Marginal likelihood
1442	Marginal model
1443	Marginal variable
1444	Mark and recapture
1445	Markov's inequality
1446	Markov additive process
1447	Markov blanket
1448	Markov chain
1449	Markov chain Monte Carlo
1450	Markov chain geostatistics
1451	Markov chain mixing time
1452	Markov decision process
1453	Markov information source
1454	Markov kernel
1455	Markov logic network
1456	Markov model
1457	Markov network
1458	Markov process
1459	Markov property
1460	Markov random field
1461	Markov renewal process
1462	Markovian arrival processes
1463	Marsaglia polar method
1464	Martingale (probability theory)
1465	Martingale central limit theorem
1466	Martingale difference sequence
1467	Martingale representation theorem
1468	Master equation
1469	Matched filter
1470	Matching (statistics)
1471	Matching pursuit
1472	Mathematica
1473	Mathematical biology
1474	Mathematical modelling in epidemiology
1475	Mathematical modelling of infectious disease
1476	Mathematical statistics
1477	Matrix gamma distribution
1478	Matrix normal distribution
1479	Matrix population models
1480	Matrix t-distribution
1481	Matthews correlation coefficient
1482	Matérn covariance function
1483	Mauchly's sphericity test
1484	Maximal ergodic theorem
1485	Maximal information coefficient
1486	Maximum-entropy Markov model
1487	Maximum a posteriori estimation
1488	Maximum entropy classifier
1489	Maximum entropy method
1490	Maximum entropy probability distribution
1491	Maximum entropy spectral estimation
1492	Maximum likelihood
1493	Maximum likelihood sequence estimation
1494	Maximum parsimony
1495	Maximum spacing estimation
1496	Maxwell's theorem
1497	Maxwell speed distribution
1498	Maxwell–Boltzmann distribution
1499	McCullagh's parametrization of the Cauchy distributions
1500	McDiarmid's inequality
1501	McDonald–Kreitman test
1502	McKay's approximation for the coefficient of variation
1503	McNemar's test
1504	Meadow's law
1505	Mean
1506	Mean-reverting process
1507	Mean absolute difference
1508	Mean absolute error
1509	Mean absolute percentage error
1510	Mean absolute scaled error
1511	Mean and predicted response
1512	Mean signed deviation
1513	Mean integrated squared error
1514	Mean of circular quantities
1515	Mean percentage error
1516	Mean preserving spread
1517	Mean reciprocal rank
1518	Mean signed difference
1519	Mean square quantization error
1520	Mean square weighted deviation
1521	Mean squared error
1522	Mean squared prediction error
1523	Mean time between failures
1524	Mean value analysis
1525	Measurement invariance
1526	MedCalc
1527	Median
1528	Median-unbiased estimator
1529	Median absolute deviation
1530	Median polish
1531	Median test
1532	Mediation (statistics)
1533	Medical statistics
1534	Medoid
1535	Memorylessness
1536	Mendelian randomization
1537	Meta-analysis
1538	Meta-regression
1539	Method of moments (statistics)
1540	Method of simulated moments
1541	Method of support
1542	Methods engineering
1543	Metropolis–Hastings algorithm
1544	Mexican paradox
1545	Microdata (statistics)
1546	Mid-range
1547	Midhinge
1548	MinHash
1549	Minimax
1550	Minimax estimator
1551	Minimisation (clinical trials)
1552	Minimum-variance unbiased estimator
1553	Minimum chi-square estimation
1554	Minimum distance estimation
1555	Minimum mean square error
1556	Minimum viable population
1557	Minitab
1558	Misleading graph
1559	Missing completely at random
1560	Missing data
1561	Misuse of statistics
1562	Mittag–Leffler distribution
1563	Mixed-design analysis of variance
1564	Mixed data sampling
1565	Mixed logit
1566	Mixed model
1567	Mixing (mathematics)
1568	Mixture (probability)
1569	Mixture distribution
1570	Mixture model
1571	Mode (statistics)
1572	Model output statistics
1573	Model selection
1574	Moderation (statistics)
1575	Moderator variable
1576	Modifiable areal unit problem
1577	Moffat distribution
1578	Moment-generating function
1579	Moment (mathematics)
1580	Moment problem
1581	Monotone likelihood ratio
1582	Monte Carlo integration
1583	Monte Carlo method
1584	Monte Carlo method for photon transport
1585	Monte Carlo methods for option pricing
1586	Monte Carlo methods in finance
1587	Monte Carlo molecular modeling
1588	Moral graph
1589	Moran's I
1590	Moran process
1591	Morisita's overlap index
1592	Morris method
1593	Mortality rate
1594	Most probable number
1595	Moving-average model
1596	Moving average
1597	Moving average representation
1598	Moving least squares
1599	Multi-armed bandit
1600	Multi-vari chart
1601	Multiclass LDA
1602	Multiclass classification
1603	Multicollinearity
1604	Multidimensional Chebyshev's inequality
1605	Multidimensional analysis
1606	Multidimensional panel data
1607	Multidimensional scaling
1608	Multifactor design of experiments software
1609	Multifactor dimensionality reduction
1610	Multilevel model
1611	Multilinear principal-component analysis
1612	Multilinear principal component analysis
1613	Multinomial distribution
1614	Multinomial logistic regression
1615	Multinomial probit
1616	Multinomial test
1617	Multiple-indicator kriging
1618	Multiple-try Metropolis
1619	Multiple Indicator Cluster Survey
1620	Multiple baseline design
1621	Multiple comparisons
1622	Multiple correlation
1623	Multiple correspondence analysis
1624	Multiple discriminant analysis
1625	Multiple of the median
1626	Multiple testing correction
1627	Multiresolution analysis
1628	Multiscale decision making
1629	Multiscale geometric analysis
1630	Multistage sampling
1631	Multistage testing
1632	Multitaper
1633	Multitrait-multimethod matrix
1634	Multivariate Pareto distribution
1635	Multivariate Pólya distribution
1636	Multivariate Student distribution
1637	Multivariate adaptive regression splines
1638	Multivariate analysis
1639	Multivariate analysis of variance
1640	Multivariate kernel density estimation
1641	Multivariate normal distribution
1642	Multivariate probit
1643	Multivariate probit model
1644	Multivariate random variable
1645	Multivariate stable distribution
1646	Multivariate statistics
1647	Multivariate t-distribution
1648	NCSS (statistical software)
1649	N = 1 fallacy
1650	N of 1 trial
1651	Naive Bayes classifier
1652	Nakagami distribution
1653	Nash–Sutcliffe model efficiency coefficient
1654	National Health Interview Survey
1655	National accounts
1656	Natural experiment
1657	Natural exponential family
1658	Natural process variation
1659	Nearest-neighbor chain algorithm
1660	Negative binomial distribution
1661	Negative multinomial distribution
1662	Negative predictive value
1663	Negative relationship
1664	Negentropy
1665	Neighbor joining
1666	Neighbourhood components analysis
1667	Nelson rules
1668	Nelson–Aalen estimator
1669	Nemenyi test
1670	Nested case-control study
1671	Nested sampling algorithm
1672	Network probability matrix
1673	Neural network
1674	Neutral vector
1675	Newcastle–Ottawa scale
1676	Newey–West estimator
1677	Newman–Keuls method
1678	Neyer d-optimal test
1679	Neyman construction
1680	Neyman–Pearson lemma
1681	Nicholson–Bailey model
1682	Nominal category
1683	Non-homogeneous Poisson process
1684	Non-linear iterative partial least squares
1685	Non-linear least squares
1686	Non-negative matrix factorization
1687	Non-parametric statistics
1688	Non-response bias
1689	Non-sampling error
1690	Noncentral F-distribution
1691	Noncentral beta distribution
1692	Noncentral chi-squared distribution
1693	Noncentral chi distribution
1694	Noncentral hypergeometric distributions
1695	Noncentral t-distribution
1696	Noncentrality parameter
1697	Nonlinear autoregressive exogenous model
1698	Nonlinear dimensionality reduction
1699	Nonlinear regression
1700	Nonparametric regression
1701	Nonparametric skew
1702	Nonprobability sampling
1703	Normal-exponential-gamma distribution
1704	Normal-gamma distribution
1705	Normal-inverse Gaussian distribution
1706	Normal-scaled inverse gamma distribution
1707	Normal curve equivalent
1708	Normal distribution
1709	Normal probability plot
1710	Normal score
1711	Normal variance-mean mixture
1712	Normality test
1713	Normalization (statistics)
1714	Normally distributed and uncorrelated does not imply independent
1715	Notation in probability and statistics
1716	Novikov's condition
1717	Np-chart
1718	Nuisance parameter
1719	Nuisance variable
1720	Null distribution
1721	Null hypothesis
1722	Null result
1723	NumXL
1724	Numerical data
1725	Numerical methods for linear least squares
1726	Numerical parameter
1727	Numerical smoothing and differentiation
1728	Nuremberg Code
1729	Observable variable
1730	Observational equivalence
1731	Observational error
1732	Observational study
1733	Observed information
1734	Occupancy frequency distribution
1735	Odds
1736	Odds algorithm
1737	Odds ratio
1738	Official statistics
1739	Ogden tables
1740	Ogive
1741	Omitted-variable bias
1742	Omnibus test
1743	One- and two-tailed tests
1744	One-class classification
1745	One-factor-at-a-time method
1746	One-tailed test
1747	One-way analysis of variance
1748	Online NMF
1749	Open-label trial
1750	OpenBUGS
1751	OpenEpi
1752	Operational confound
1753	Operational sex ratio
1754	Operations research
1755	Opinion poll
1756	Optimal decision
1757	Optimal design
1758	Optimal discriminant analysis
1759	Optimal matching
1760	Optimal stopping
1761	Optimality criterion
1762	Optimistic knowledge gradient
1763	Optional stopping theorem
1764	Order of a kernel
1765	Order of integration
1766	Order statistic
1767	Ordered logit
1768	Ordered probit
1769	Ordered subset expectation maximization
1770	Ordinal regression
1771	Ordinary least squares
1772	Ordination (statistics)
1773	Ornstein–Uhlenbeck process
1774	Orthogonal array testing
1775	Orthogonality
1776	Orthogonality principle
1777	Outlier
1778	Outliers in statistics
1779	Outliers ratio
1780	Outline of probability
1781	Outline of regression analysis
1782	Outline of statistics
1783	Overdispersion
1784	Overfitting
1785	Owen's T function
1786	OxMetrics
1787	P-chart
1788	P-rep
1789	P-value
1790	PARAFAC
1791	PRESS statistic
1792	PSPP
1793	Page's trend test
1794	Paid survey
1795	Paired comparison analysis
1796	Paired difference test
1797	Pairwise comparison
1798	Pairwise independence
1799	Paley–Zygmund inequality
1800	Panel analysis
1801	Panel data
1802	Panjer recursion
1803	Parabolic fractal distribution
1804	Paradigm (experimental)
1805	Parallel coordinates
1806	Parallel factor analysis
1807	Parameter identification problem
1808	Parameter space
1809	Parametric family
1810	Parametric model
1811	Parametric statistics
1812	Pareto analysis
1813	Pareto chart
1814	Pareto distribution
1815	Pareto index
1816	Pareto interpolation
1817	Pareto principle
1818	Park test
1819	Partial autocorrelation
1820	Partial autocorrelation function
1821	Partial correlation
1822	Partial least squares
1823	Partial least squares regression
1824	Partial leverage
1825	Partial regression plot
1826	Partial residual plot
1827	Particle filter
1828	Partition of sums of squares
1829	Parzen window
1830	Path analysis (statistics)
1831	Path coefficient
1832	Path space
1833	Pattern recognition
1834	Pearson's chi-squared test
1835	Pearson distribution
1836	Pearson product-moment correlation coefficient
1837	Pedometric mapping
1838	Peirce's criterion
1839	Pensim2
1840	People v. Collins
1841	Per-comparison error rate
1842	Per-protocol analysis
1843	Per capita
1844	Percentage point
1845	Percentile
1846	Percentile rank
1847	Periodic variation
1848	Periodogram
1849	Permutation test
1850	Pharmaceutical statistics
1851	Phase-type distribution
1852	Phase dispersion minimization
1853	Phi coefficient
1854	Phillips–Perron test
1855	Philosophy of probability
1856	Philosophy of statistics
1857	Pickands–Balkema–de Haan theorem
1858	Pie chart
1859	Piecewise-deterministic Markov process
1860	Pignistic probability
1861	Pinsker's inequality
1862	Pitman closeness criterion
1863	Pitman–Koopman–Darmois theorem
1864	Pitman–Yor process
1865	Pivotal quantity
1866	Placebo-controlled study
1867	Plackett–Burman design
1868	Plate notation
1869	Player wins
1870	Plot (graphics)
1871	Pocock boundary
1872	Poincaré plot
1873	Point-biserial correlation coefficient
1874	Point estimation
1875	Point pattern analysis
1876	Point process
1877	Poisson binomial distribution
1878	Poisson distribution
1879	Poisson hidden Markov model
1880	Poisson limit theorem
1881	Poisson process
1882	Poisson random numbers
1883	Poisson regression
1884	Poisson sampling
1885	Policy capturing
1886	Political forecasting
1887	Pollaczek–Khinchine formula
1888	Pollyanna Creep
1889	Poly-Weibull distribution
1890	Polychoric correlation
1891	Polykay
1892	Polynomial and rational function modeling
1893	Polynomial chaos
1894	Polynomial regression
1895	Polytomous Rasch model
1896	Polytree
1897	Pooled standard deviation
1898	Pooled variance
1899	Pooling design
1900	Popoviciu's inequality on variances
1901	Population dynamics
1902	Population ecology
1903	Population genetics
1904	Population modeling
1905	Population process
1906	Population pyramid
1907	Population statistics
1908	Population variance
1909	Population viability analysis
1910	Portmanteau test
1911	Positive predictive value
1912	Post-hoc analysis
1913	Posterior predictive distribution
1914	Posterior probability
1915	Power (statistics)
1916	Power law
1917	Power transform
1918	Prais–Winsten estimation
1919	Pre- and post-test probability
1920	Precision (statistics)
1921	Precision and recall
1922	Prediction interval
1923	Predictive analytics
1924	Predictive inference
1925	Predictive informatics
1926	Predictive intake modelling
1927	Predictive modelling
1928	Predictive validity
1929	Preference regression (in marketing)
1930	Preferential attachment
1931	Prevalence
1932	Principal component analysis
1933	Principal component regression
1934	Principal geodesic analysis
1935	Principal stratification
1936	Principle of indifference
1937	Principle of marginality
1938	Principle of maximum entropy
1939	Prior knowledge for pattern recognition
1940	Prior probability
1941	Prior probability distribution
1942	Probabilistic causation
1943	Probabilistic design
1944	Probabilistic forecasting
1945	Probabilistic latent semantic analysis
1946	Probabilistic metric space
1947	Probabilistic proposition
1948	Probabilistic relational model
1949	Probability
1950	Probability-generating function
1951	Probability and statistics
1952	Probability bounds analysis
1953	Probability box
1954	Probability density function
1955	Probability distribution
1956	Probability distribution function
1957	Probability integral transform
1958	Probability interpretations
1959	Probability mass function
1960	Probability matching
1961	Probability metric
1962	Probability of error
1963	Probability of precipitation
1964	Probability plot
1965	Probability plot correlation coefficient
1966	Probability plot correlation coefficient plot
1967	Probability space
1968	Probability theory
1969	Probable error
1970	Probit
1971	Probit model
1972	Procedural confound
1973	Process Window Index
1974	Process control
1975	Procrustes analysis
1976	Product distribution
1977	Product form solution
1978	Proebsting's paradox
1979	Profile likelihood
1980	Prognostics
1981	Progressively measurable process
1982	Projection pursuit
1983	Projection pursuit regression
1984	Proof of Stein's example
1985	Propagation of uncertainty
1986	Propensity probability
1987	Propensity score
1988	Propensity score matching
1989	Proper linear model
1990	Proportional hazards model
1991	Proportional hazards models
1992	Proportional reduction in loss
1993	Prosecutor's fallacy
1994	Proxy (statistics)
1995	Psephology
1996	Pseudo-determinant
1997	Pseudo-random number sampling
1998	Pseudocount
1999	Pseudolikelihood
2000	Pseudomedian
2001	Pseudoreplication
2002	Psychological statistics
2003	Psychometrics
2004	Pythagorean expectation
2005	P–P plot
2006	Q-Gaussian distribution
2007	Q-exponential distribution
2008	Q-function
2009	Q-statistic
2010	Q test
2011	Quadrant count ratio
2012	Quadrat
2013	Quadratic classifier
2014	Quadratic form (statistics)
2015	Quadratic variation
2016	Qualitative comparative analysis
2017	Qualitative data
2018	Qualitative variation
2019	Quality control
2020	Quantile
2021	Quantile function
2022	Quantile normalization
2023	Quantile regression
2024	Quantitative marketing research
2025	Quantitative parasitology
2026	Quantitative psychological research
2027	Quantitative research
2028	Quantum (Statistical programming language)
2029	Quartile
2030	Quartile coefficient of dispersion
2031	Quasi-birth–death process
2032	Quasi-experiment
2033	Quasi-likelihood
2034	Quasi-maximum likelihood
2035	Quasireversibility
2036	Questionnaire
2037	Queueing model
2038	Queueing theory
2039	Queuing delay
2040	Quota sampling
2041	Q–Q plot
2042	RANSAC
2043	RV coefficient
2044	R (programming language)
2045	R v Adams
2046	Radar chart
2047	Rademacher distribution
2048	Radial basis function network
2049	Raikov's theorem
2050	Raised cosine distribution
2051	Ramaswami's formula
2052	Ramsey RESET test
2053	Rand index
2054	Random assignment
2055	Random compact set
2056	Random effects model
2057	Random element
2058	Random field
2059	Random function
2060	Random graph
2061	Random matrix
2062	Random measure
2063	Random multinomial logit
2064	Random naive Bayes
2065	Random permutation statistics
2066	Random regular graph
2067	Random sample
2068	Random sampling
2069	Random sequence
2070	Random variable
2071	Random variate
2072	Random walk
2073	Random walk hypothesis
2074	Randomization
2075	Randomization test
2076	Randomized block design
2077	Randomized controlled trial
2078	Randomized experiment
2079	Randomized response
2080	Randomness
2081	Randomness tests
2082	Range (statistics)
2083	Rank-size distribution
2084	Rank abundance curve
2085	Rank correlation
2086	Rank product
2087	Rank statistics
2088	Ranking
2089	Rankit
2090	Ranklet
2091	Rao–Blackwell theorem
2092	Rasch model
2093	Rasch model estimation
2094	Ratio distribution
2095	Ratio estimator
2096	Rational quadratic covariance function
2097	Raw score
2098	Rayleigh distribution
2099	Rayleigh mixture distribution
2100	Realization (probability)
2101	Recall bias
2102	Receiver operating characteristic
2103	Reciprocal distribution
2104	Record value
2105	Rectified Gaussian distribution
2106	Recurrence period density entropy
2107	Recurrence plot
2108	Recurrence quantification analysis
2109	Recursive Bayesian estimation
2110	Recursive least squares
2111	Recursive partitioning
2112	Redescending M-estimator
2113	Reduced form
2114	Reference class problem
2115	Reflected Brownian motion
2116	Regenerative process
2117	Regression-kriging
2118	Regression Analysis of Time Series
2119	Regression analysis
2120	Regression control chart
2121	Regression diagnostic
2122	Regression dilution
2123	Regression discontinuity design
2124	Regression estimation
2125	Regression fallacy
2126	Regression model validation
2127	Regression toward the mean
2128	Regret (decision theory)
2129	Reification (statistics)
2130	Rejection sampling
2131	Relationships among probability distributions
2132	Relative change and difference
2133	Relative efficiency
2134	Relative index of inequality
2135	Relative risk
2136	Relative risk reduction
2137	Relative standard deviation
2138	Relative standard error
2139	Relative survival
2140	Relative variance
2141	Relativistic Breit–Wigner distribution
2142	Relevance vector machine
2143	Reliability (statistics)
2144	Reliability block diagram
2145	Reliability engineering
2146	Reliability theory
2147	Reliability theory of aging and longevity
2148	Rencontres numbers
2149	Renewal theory
2150	Repeatability
2151	Repeated measures design
2152	Replication (statistics)
2153	Representation validity
2154	Reproducibility
2155	Resampling (statistics)
2156	Rescaled range
2157	Resentful demoralization
2158	Residual sum of squares
2159	Response bias
2160	Response rate
2161	Response surface methodology
2162	Response variable
2163	Restricted maximum likelihood
2164	Restricted randomization
2165	Reversible-jump Markov chain Monte Carlo
2166	Reversible dynamics
2167	Rice distribution
2168	Richardson–Lucy deconvolution
2169	Ridge regression
2170	Ridit scoring
2171	Rind et al. controversy
2172	Risk adjusted mortality rate
2173	Risk factor
2174	Risk function
2175	Risk perception
2176	Risk theory
2177	Risk–benefit analysis
2178	Robbins lemma
2179	Robust Bayesian analysis
2180	Robust confidence intervals
2181	Robust measures of scale
2182	Robust regression
2183	Robust statistics
2184	Root-mean-square deviation
2185	Root mean square
2186	Root mean square deviation (bioinformatics)
2187	Root mean square fluctuation
2188	Ross's conjecture
2189	Rossmo's formula
2190	Rothamsted Experimental Station
2191	Round robin test
2192	Rubin causal model
2193	Ruin theory
2194	Rule of succession
2195	Rule of three (medicine)
2196	Run chart
2197	S-PLUS
2198	SAS (software)
2199	SAS language
2200	SCORUS
2201	SDMX
2202	SETAR (model)
2203	SHAZAM (software)
2204	SOFA Statistics
2205	SPC XL
2206	SPRT
2207	SPSS
2208	SPSS Clementine
2209	STAR model
2210	STATISTICA
2211	SUDAAN
2212	SYSTAT (statistics)
2213	S (programming language)
2214	Safety in numbers
2215	Sally Clark
2216	Sammon projection
2217	Sample-continuous process
2218	Sample (statistics)
2219	Sample maximum and minimum
2220	Sample mean and covariance
2221	Sample mean and sample covariance
2222	Sample size determination
2223	Sample space
2224	Sample standard deviation (disambiguation)
2225	Sampling (statistics)
2226	Sampling bias
2227	Sampling design
2228	Sampling distribution
2229	Sampling error
2230	Sampling fraction
2231	Sampling frame
2232	Sampling risk
2233	Samuelson's inequality
2234	Sargan test
2235	Saturated array
2236	Savitzky–Golay smoothing filter
2237	Sazonov's theorem
2238	Scale analysis (statistics)
2239	Scale parameter
2240	Scaled-inverse-chi-squared distribution
2241	Scaling pattern of occupancy
2242	Scan statistic
2243	Scatter matrix
2244	Scatter plot
2245	Scatterplot smoothing
2246	Scheffé's method
2247	Schilder's theorem
2248	Schramm–Loewner evolution
2249	Schuette–Nesbitt formula
2250	Schwarz criterion
2251	Scientific control
2252	Score (statistics)
2253	Score test
2254	Scoring algorithm
2255	Scoring rule
2256	Scott's Pi
2257	Seasonal adjustment
2258	Seasonal subseries plot
2259	Seasonal variation
2260	Seasonality
2261	Seasonally adjusted annual rate
2262	Second moment method
2263	Secretary problem
2264	Secular variation
2265	Seemingly unrelated regressions
2266	Segmented regression
2267	Seismic inversion
2268	Seismic to simulation
2269	Selection bias
2270	Selective recruitment
2271	Self-organizing map
2272	Self-selection bias
2273	Self-similar process
2274	Self-similarity matrix
2275	Semantic mapping (statistics)
2276	Semantic relatedness
2277	Semantic similarity
2278	Semi-Markov process
2279	Semi-log graph
2280	Semidefinite embedding
2281	Semimartingale
2282	Semiparametric model
2283	Semiparametric regression
2284	Semivariance
2285	Sensitivity (tests)
2286	Sensitivity analysis
2287	Sensitivity and specificity
2288	Sensitivity index
2289	Separation test
2290	Sequential Monte Carlo methods
2291	Sequential analysis
2292	Sequential estimation
2293	Sequential probability ratio test
2294	Serial dependence
2295	Seriation (archaeology)
2296	Sethi model
2297	Seven-number summary
2298	Sexual dimorphism measures
2299	Shannon–Hartley theorem
2300	Shape of the distribution
2301	Shape parameter
2302	Shapiro–Wilk test
2303	Sharpe ratio
2304	Shewhart individuals control chart
2305	Shifted Gompertz distribution
2306	Shifted log-logistic distribution
2307	Shifting baseline
2308	Shrinkage (statistics)
2309	Shrinkage estimator
2310	Sichel distribution
2311	Siegel–Tukey test
2312	Sieve estimator
2313	Sigma-algebra
2314	SigmaStat
2315	Sign test
2316	Signal-to-noise ratio
2317	Signal-to-noise statistic
2318	Signed differential mapping
2319	Significance analysis of microarrays
2320	Silhouette (clustering)
2321	Simfit
2322	Similarity matrix
2323	Simon model
2324	Simple linear regression
2325	Simple moving average crossover
2326	Simple random sample
2327	Simple random sampling
2328	Simpson's paradox
2329	Simulated annealing
2330	Simultaneous equation methods (econometrics)
2331	Simultaneous equations model
2332	Single-linkage clustering
2333	Single equation methods (econometrics)
2334	Singular distribution
2335	Singular spectrum analysis
2336	Sinkov statistic
2337	Sinusoidal model
2338	Size (statistics)
2339	Skellam distribution
2340	Skew normal distribution
2341	Skewness
2342	Skorokhod's representation theorem
2343	Slash distribution
2344	Slice sampling
2345	Sliced inverse regression
2346	Slutsky's theorem
2347	Small area estimation
2348	Smearing retransformation
2349	Smoothing
2350	Smoothing spline
2351	Smoothness (probability theory)
2352	Snowball sampling
2353	Sobel test
2354	Social network change detection
2355	Social statistics
2356	Soliton distribution
2357	Somers' D
2358	Spaghetti plot
2359	Sparse PCA
2360	Sparse binary polynomial hashing
2361	Sparsity-of-effects principle
2362	Spatial analysis
2363	Spatial dependence
2364	Spatial descriptive statistics
2365	Spatial distribution
2366	Spatial econometrics
2367	Spatial statistics
2368	Spatial variability
2369	Spearman's rank correlation coefficient
2370	Spearman–Brown prediction formula
2371	Species discovery curve
2372	Specification (regression)
2373	Specificity (tests)
2374	Spectral clustering
2375	Spectral density
2376	Spectral density estimation
2377	Spectrum bias
2378	Spectrum continuation analysis
2379	Speed prior
2380	Spherical design
2381	Split normal distribution
2382	Spurious relationship
2383	Square root biased sampling
2384	Squared deviations
2385	St. Petersburg paradox
2386	Stability (probability)
2387	Stable distribution
2388	Standard deviation
2389	Standard error
2390	Standard normal deviate
2391	Standard normal table
2392	Standard probability space
2393	Standard score
2394	Standardised mortality rate
2395	Standardized coefficient
2396	Standardized moment
2397	Standardized mortality ratio
2398	Standardized rate
2399	Stanine
2400	Star plot
2401	StatPlus
2402	StatXact
2403	Stata
2404	State space representation
2405	Statgraphics
2406	Static analysis
2407	Stationary distribution
2408	Stationary ergodic process
2409	Stationary process
2410	Stationary sequence
2411	Stationary subspace analysis
2412	Statistic
2413	Statistical Lab
2414	Statistical arbitrage
2415	Statistical assembly
2416	Statistical assumption
2417	Statistical benchmarking
2418	Statistical classification
2419	Statistical conclusion validity
2420	Statistical consultant
2421	Statistical dispersion
2422	Statistical distance
2423	Statistical efficiency
2424	Statistical epidemiology
2425	Statistical estimation
2426	Statistical finance
2427	Statistical genetics
2428	Statistical geography
2429	Statistical graphics
2430	Statistical hypothesis testing
2431	Statistical independence
2432	Statistical inference
2433	Statistical interference
2434	Statistical learning theory
2435	Statistical literacy
2436	Statistical model
2437	Statistical noise
2438	Statistical parameter
2439	Statistical parametric mapping
2440	Statistical parsing
2441	Statistical population
2442	Statistical power
2443	Statistical probability
2444	Statistical process control
2445	Statistical proof
2446	Statistical randomness
2447	Statistical regularity
2448	Statistical relational learning
2449	Statistical sample
2450	Statistical semantics
2451	Statistical shape analysis
2452	Statistical signal processing
2453	Statistical significance
2454	Statistical survey
2455	Statistical syllogism
2456	Statistical theory
2457	Statistical unit
2458	Statisticians' and engineers' cross-reference of statistical terms
2459	Statistics
2460	Statistics Online Computational Resource
2461	Statistics education
2462	Stein's example
2463	Stein's lemma
2464	Stein's unbiased risk estimate
2465	Steiner system
2466	Stem-and-leaf display
2467	Step detection
2468	Stepwise regression
2469	Stieltjes moment problem
2470	Stimulus-response model
2471	Stochastic
2472	Stochastic approximation
2473	Stochastic calculus
2474	Stochastic convergence
2475	Stochastic differential equation
2476	Stochastic dominance
2477	Stochastic drift
2478	Stochastic equicontinuity
2479	Stochastic gradient descent
2480	Stochastic grammar
2481	Stochastic investment model
2482	Stochastic kernel estimation
2483	Stochastic matrix
2484	Stochastic modelling (insurance)
2485	Stochastic optimization
2486	Stochastic ordering
2487	Stochastic process
2488	Stochastic rounding
2489	Stochastic simulation
2490	Stopped process
2491	Stopping time
2492	Stratified sampling
2493	Stratonovich integral
2494	Streamgraph
2495	Stress majorization
2496	Strong Law of Small Numbers
2497	Strong prior
2498	Structural break
2499	Structural equation modeling
2500	Structural estimation
2501	Structured data analysis (statistics)
2502	Student's t-distribution
2503	Student's t-statistic
2504	Student's t-test
2505	Studentization
2506	Studentized range
2507	Studentized residual
2508	Study design
2509	Study heterogeneity
2510	Subcontrary mean
2511	Subgroup analysis
2512	Subindependence
2513	Substitution model
2514	Sufficient dimension reduction
2515	Sufficient statistic
2516	Sum of normally distributed random variables
2517	Sum of squares
2518	Summary statistic
2519	Support curve
2520	Support vector machine
2521	Surrogate model
2522	Survey data collection
2523	Survey methodology
2524	Survey sampling
2525	Survival analysis
2526	Survival function
2527	Survival rate
2528	Survivorship bias
2529	Symmetric design
2530	Symmetric mean absolute percentage error
2531	System dynamics
2532	System identification
2533	Systematic error
2534	Systematic review
2535	Systematic sampling
2536	Sørensen similarity index
2537	T-statistic
2538	TPL Tables
2539	Student's t-distribution
2540	Tag cloud
2541	Taguchi loss function
2542	Taguchi methods
2543	Tajima's D
2544	Taleb distribution
2545	Tampering (quality control)
2546	Taylor's law
2547	Taylor expansions for the moments of functions of random variables
2548	Telegraph process
2549	Teletraffic queuing theory
2550	Test for structural change
2551	Test score
2552	Test set
2553	Test statistic
2554	Testimator
2555	Testing hypotheses suggested by the data
2556	Test–retest reliability
2557	Text analytics
2558	The Design of Experiments
2559	The Long Tail
2560	The Unscrambler
2561	Theil index
2562	Theil–Sen estimator
2563	Theory of conjoint measurement
2564	Therapeutic effect
2565	Thompson sampling
2566	Three-point estimation
2567	Three-stage least squares
2568	Threshold model
2569	Thurstone scale
2570	Thurstonian model
2571	Tikhonov regularization
2572	Time-series regression
2573	Time-varying covariate
2574	Time domain
2575	Time reversibility
2576	Time series
2577	Time use survey
2578	Timeline of probability and statistics
2579	Time–frequency analysis
2580	Time–frequency representation
2581	TinkerPlots
2582	Tobit model
2583	Tolerance interval
2584	Top-coded
2585	Topic model
2586	Topological data analysis
2587	Tornqvist index
2588	Total correlation
2589	Total least squares
2590	Total sum of squares
2591	Total survey error
2592	Total variation distance of probability measures
2593	Tracy–Widom distribution
2594	Traffic equations
2595	Training set
2596	Transect
2597	Transferable belief model
2598	Transiogram
2599	Transition rate matrix
2600	Transmission risks and rates
2601	Treatment and control groups
2602	Trend analysis
2603	Trend estimation
2604	Trend stationary
2605	Treynor ratio
2606	Triangular distribution
2607	Trimean
2608	Trimmed estimator
2609	Trispectrum
2610	True experiment
2611	True variance
2612	Truncated distribution
2613	Truncated mean
2614	Truncated normal distribution
2615	Truncated regression model
2616	Truncation (statistics)
2617	Tsallis distribution
2618	Tsallis statistics
2619	Tschuprow's T
2620	Tucker decomposition
2621	Tukey's range test
2622	Tukey's test of additivity
2623	Tukey lambda distribution
2624	Tukey median
2625	Tukey–Duckworth test
2626	Tukey–Kramer method
2627	Tweedie distribution
2628	Twisting properties
2629	Two-tailed test
2630	Two-way analysis of variance
2631	Two stage least squares
2632	Type-1 Gumbel distribution
2633	Type-2 Gumbel distribution
2634	Type I and type II errors
2635	Tyranny of averages
2636	U-chart
2637	U-quadratic distribution
2638	U-statistic
2639	U test
2640	Umbrella sampling
2641	Unbiased estimation of standard deviation
2642	Uncertainty
2643	Uncertainty coefficient
2644	Uncertainty quantification
2645	Uncomfortable science
2646	Uncorrelated
2647	Underdispersion
2648	Underprivileged area score
2649	Unevenly spaced time series
2650	Uniform distribution (continuous)
2651	Uniform distribution (discrete)
2652	Uniformly most powerful test
2653	Unimodal distribution
2654	Unimodal function
2655	Unimodality
2656	Unistat
2657	Unit-weighted regression
2658	Unit (statistics)
2659	Unit of observation
2660	Unit root
2661	Unit root test
2662	Unitized risk
2663	Univariate
2664	Univariate analysis
2665	Univariate distribution
2666	Unmatched count
2667	Unseen species problem
2668	Unsolved problems in statistics
2669	Upper and lower probabilities
2670	Upside potential ratio
2671	Urn problem
2672	Ursell function
2673	Utility maximization problem
2674	Utilization distribution
2675	V-optimal histograms
2676	V-statistic
2677	VC dimension
2678	VC theory
2679	VEGAS algorithm
2680	Validity (statistics)
2681	Van Houtum distribution
2682	Van der Waerden test
2683	Vapnik–Chervonenkis theory
2684	Varadhan's lemma
2685	Variable-order Bayesian network
2686	Variable-order Markov model
2687	Variable (mathematics)
2688	Variable kernel density estimation
2689	Variable rules analysis
2690	Variance
2691	Variance-gamma distribution
2692	Variance-stabilizing transformation
2693	Variance-to-mean ratio
2694	Variance decomposition of forecast errors
2695	Variance gamma process
2696	Variance inflation factor
2697	Variance reduction
2698	Variation ratio
2699	Variational Bayesian methods
2700	Variational message passing
2701	Varimax rotation
2702	Variogram
2703	Vasicek model
2704	Vector autoregression
2705	ViSta, The Visual Statistics system
2706	Violin plot
2707	Voigt profile
2708	Volatility (finance)
2709	Volcano plot (statistics)
2710	Von Mises distribution
2711	Von Mises–Fisher distribution
2712	Vuong's closeness test
2713	Vysochanskiï–Petunin inequality
2714	Wait list control group
2715	Wald distribution
2716	Wald test
2717	Wald–Wolfowitz runs test
2718	Wallenius' noncentral hypergeometric distribution
2719	Wang and Landau algorithm
2720	Ward's method
2721	Watterson estimator
2722	Watts and Strogatz model
2723	Wavelet
2724	Weibull chart
2725	Weibull distribution
2726	Weibull modulus
2727	Weight function
2728	Weighted covariance matrix
2729	Weighted mean
2730	Weighted median
2731	Weighted sample
2732	Welch's method
2733	Welch's t test
2734	Welch–Satterthwaite equation
2735	Well-behaved statistic
2736	Whipple's index
2737	White noise
2738	White test
2739	Wick product
2740	Wide and narrow data
2741	Wiener deconvolution
2742	Wiener filter
2743	Wiener process
2744	Wigner quasi-probability distribution
2745	Wigner semicircle distribution
2746	Wike's law of low odd primes
2747	Wilcoxon signed-rank test
2748	Wilks' lambda distribution
2749	Wilks' theorem
2750	Will Rogers phenomenon
2751	WinBUGS
2752	Window function
2753	Winpepi
2754	Winsorising
2755	Winsorized mean
2756	Wishart distribution
2757	Wold's theorem
2758	Wombling
2759	World Programming System
2760	Wrapped Cauchy distribution
2761	Wrapped Lévy distribution
2762	Wrapped distribution
2763	Wrapped exponential distribution
2764	Wrapped normal distribution
2765	Writer invariant
2766	X-12-ARIMA
2767	X-bar chart
2768	XLispStat
2769	Xbar and R chart
2770	Xbar and s chart
2771	XploRe
2772	Yamartino method
2773	Yates's correction for continuity
2774	Yates analysis
2775	Youden's J statistic
2776	Yule–Simon distribution
2777	Z-factor
2778	Z-score
2779	Z-test
2780	Z-transform
2781	Z score
2782	Z statistic
2783	Zakai equation
2784	Zelen's design
2785	Zero–one law (disambiguation)
2786	Zeta distribution
2787	Ziggurat algorithm
2788	Zipf's law
2789	Zipf–Mandelbrot law
2790	Łukaszyk–Karmowski metric
